Parent	Fact	Value	IntValue	DecimalValue
http://tun.fi/JX.1003420#129	http://tun.fi/MY.habitatDescription	niitty		
http://tun.fi/JX.1005213#2	http://tun.fi/MY.habitat	http://tun.fi/MY.habitatEnumValue1		
http://tun.fi/JX.1005213#2	http://tun.fi/MY.samplingMethod	http://tun.fi/MY.samplingMethodTrap		
http://tun.fi/JX.1005214#2	http://tun.fi/MY.habitat	http://tun.fi/MY.habitatEnumValue1		
http://tun.fi/JX.1005214#2	http://tun.fi/MY.samplingMethod	http://tun.fi/MY.samplingMethodTrap		
http://tun.fi/JX.1005215#2	http://tun.fi/MY.habitat	http://tun.fi/MY.habitatEnumValue1		
http://tun.fi/JX.1005215#2	http://tun.fi/MY.samplingMethod	http://tun.fi/MY.samplingMethodTrap		
http://tun.fi/JX.1005216#2	http://tun.fi/MY.habitat	http://tun.fi/MY.habitatEnumValue1		
http://tun.fi/JX.1005216#2	http://tun.fi/MY.samplingMethod	http://tun.fi/MY.samplingMethodTrap		
http://tun.fi/JX.1005250#2	http://tun.fi/MY.habitat	http://tun.fi/MY.habitatEnumValue1		
http://tun.fi/JX.1005250#2	http://tun.fi/MY.samplingMethod	http://tun.fi/MY.samplingMethodNet		
http://tun.fi/JX.1005252#2	http://tun.fi/MY.habitat	http://tun.fi/MY.habitatEnumValue1		
http://tun.fi/JX.1005252#2	http://tun.fi/MY.samplingMethod	http://tun.fi/MY.samplingMethodNet		
http://tun.fi/JX.1006730#2	http://tun.fi/MY.habitat	http://tun.fi/MY.habitatEnumValue75		
http://tun.fi/JX.1052250#2	http://tun.fi/MY.habitat	http://tun.fi/MY.habitatEnumValue30		
http://tun.fi/JX.1052252#2	http://tun.fi/MY.habitat	http://tun.fi/MY.habitatEnumValue30		
http://tun.fi/JX.1055613#2	http://tun.fi/MY.habitatDescription	Tienvarsi		
http://tun.fi/JX.1058217#2	http://tun.fi/MY.samplingMethodNotes	Äänitetty automaattisella tallentimella (Audiomoth). Spektrogrammi katsottu pintapuolisesti.		
http://tun.fi/JX.1059593#2	http://tun.fi/MY.habitat	http://tun.fi/MY.habitatEnumValue67		
http://tun.fi/JX.1059593#2	http://tun.fi/MY.habitatDescription	Pellonreuna		
http://tun.fi/JX.1059594#2	http://tun.fi/MY.habitat	http://tun.fi/MY.habitatEnumValue9		
http://tun.fi/JX.1059594#2	http://tun.fi/MY.habitatDescription	Lehto		
http://tun.fi/JX.1060436#2	http://tun.fi/MY.habitat	http://tun.fi/MY.habitatEnumValue59		
http://tun.fi/JX.1104770#2	http://tun.fi/MY.habitat	http://tun.fi/MY.habitatEnumValue8		
http://tun.fi/JX.1104770#2	http://tun.fi/MY.habitatDescription	Lehto		
http://tun.fi/JX.1104773#2	http://tun.fi/MY.habitat	http://tun.fi/MY.habitatEnumValue7		
http://tun.fi/JX.1104773#2	http://tun.fi/MY.habitatDescription	Lehto		
http://tun.fi/JX.1104776#2	http://tun.fi/MY.habitat	http://tun.fi/MY.habitatEnumValue7		
http://tun.fi/JX.1104776#2	http://tun.fi/MY.habitatDescription	Lehto		
http://tun.fi/JX.1106014#2	http://tun.fi/MY.habitat	http://tun.fi/MY.habitatEnumValue75		
http://tun.fi/JX.1106014#2	http://tun.fi/MY.samplingMethod	http://tun.fi/MY.samplingMethodWindowtrap		
http://tun.fi/JX.1109669#2	http://tun.fi/MY.habitat	http://tun.fi/MY.habitatEnumValue1		
http://tun.fi/JX.1109669#2	http://tun.fi/MY.samplingMethod	http://tun.fi/MY.samplingMethodTrap		
http://tun.fi/JX.1109753#2	http://tun.fi/MY.habitat	http://tun.fi/MY.habitatEnumValue71		
http://tun.fi/JX.1109753#2	http://tun.fi/MY.habitat	http://tun.fi/MY.habitatEnumValue24		
http://tun.fi/JX.1112730#3	http://tun.fi/MY.habitatDescription	rinnemetsä, paljon lahopuuta		
http://tun.fi/JX.1112968#2	http://tun.fi/MY.habitatDescription	varjoisa sekametsä, jossa kohtuullisesti lahopuuta		
http://tun.fi/JX.1113228#9	http://tun.fi/MY.habitatDescription	savipohjainen sekametsä, paljon lahopuuta		
http://tun.fi/JX.1113228#3	http://tun.fi/MY.habitatDescription	savipohjainen sekametsä, paljon lahopuuta		
http://tun.fi/JX.1113228#6	http://tun.fi/MY.habitatDescription	savipohjainen sekametsä, paljon lahopuuta		
http://tun.fi/JX.1114135#9	http://tun.fi/MY.habitatDescription	Lehto-lehtomainen kangas, paljon maapuuta ja kantoja		
http://tun.fi/JX.1114135#12	http://tun.fi/MY.habitatDescription	Lehto-lehtomainen kangas, paljon maapuuta ja kantoja		
http://tun.fi/JX.1114135#15	http://tun.fi/MY.habitatDescription	Lehto-lehtomainen kangas, paljon maapuuta ja kantoja		
http://tun.fi/JX.1114135#18	http://tun.fi/MY.habitatDescription	Lehto-lehtomainen kangas, paljon maapuuta ja kantoja		
http://tun.fi/JX.1114135#2	http://tun.fi/MY.habitatDescription	Lehto-lehtomainen kangas, paljon maapuuta ja kantoja		
http://tun.fi/JX.1114135#3	http://tun.fi/MY.habitatDescription	Lehto-lehtomainen kangas, paljon maapuuta ja kantoja		
http://tun.fi/JX.1114135#6	http://tun.fi/MY.habitatDescription	Lehto-lehtomainen kangas, paljon maapuuta ja kantoja		
http://tun.fi/JX.1114155#2	http://tun.fi/MY.samplingMethodNotes	Äänitetty automaattisella tallentimella (Audiomoth), joka katajassa.		
http://tun.fi/JX.1114952#2	http://tun.fi/MY.habitatDescription	kallion huippu ja jyrkänne		
http://tun.fi/JX.1137227#2	http://tun.fi/MY.habitat	http://tun.fi/MY.habitatEnumValue72		
http://tun.fi/JX.1137227#2	http://tun.fi/MY.habitatDescription	urban park		
http://tun.fi/JX.1137227#15	http://tun.fi/MY.habitat	http://tun.fi/MY.habitatEnumValue72		
http://tun.fi/JX.1137227#15	http://tun.fi/MY.habitatDescription	urban park		
http://tun.fi/JX.1137227#18	http://tun.fi/MY.habitat	http://tun.fi/MY.habitatEnumValue72		
http://tun.fi/JX.1137227#18	http://tun.fi/MY.habitatDescription	urban park		
http://tun.fi/JX.1137227#2	http://tun.fi/MY.habitat	http://tun.fi/MY.habitatEnumValue72		
http://tun.fi/JX.1137227#2	http://tun.fi/MY.habitatDescription	urban park		
http://tun.fi/JX.1147836#2	http://tun.fi/MY.habitat	http://tun.fi/MY.habitatEnumValue24		
http://tun.fi/JX.1157519#2	http://tun.fi/MY.samplingMethodNotes	Äänitetty automaattisella tallentimella (Wildlife Acoustics SM4), analysoitu Loxpyt:lla, threshold 0.8, noin klo 22 - noin 5.00, jolloin aamulinnut aloittivat ääntelyn.		
http://tun.fi/JX.1157546#2	http://tun.fi/MY.samplingMethodNotes	Äänitetty automaattisella tallentimella (Wildlife Acoustics SM4), analysoitu Loxpyt:illa, threshold 0,7, noin klo 20.40-6.20, tauko 21.40-22.20		
http://tun.fi/JX.1157742#2	http://tun.fi/MY.samplingMethodNotes	Äänitetty automaattisella tallentimella (Wildlife Acoustics SM4), analysoitu Loxpyt:illa, threshold 0.6		
http://tun.fi/JX.1157742#2	http://tun.fi/MY.observationMinutes	780	780	780.0
http://tun.fi/JX.1157900#2	http://tun.fi/MY.samplingMethodNotes	Äänitetty automaattisella tallentimella (Wildlife Acoustics SM4), analysoitu Loxpyt:illa, threshold 0.6		
http://tun.fi/JX.1157900#2	http://tun.fi/MY.observationMinutes	395	395	395.0
http://tun.fi/JX.1158162#2	http://tun.fi/MY.samplingMethodNotes	Äänitetty automaattisella tallentimella (Audiomoth), analysoitu Loxpyt:illa, threshold 0.6		
http://tun.fi/JX.1158209#2	http://tun.fi/MY.samplingMethodNotes	Äänitetty automaattisella tallentimella (Wildlife Acoustics SM4), analysoitu Loxpyt:illa, threshold 0.6		
http://tun.fi/JX.1159578#2	http://tun.fi/MY.samplingMethodNotes	Äänitetty automaattisella tallentimella (Wildlife Acoustics SM4), analysoitu Loxpyt:illa, threshold 0.6. Lopetettu 30 positiivisen jälkeen.		
http://tun.fi/JX.1159741#2	http://tun.fi/MY.samplingMethodNotes	Äänitetty automaattisella tallentimella (Wildlife Acoustics SM4), analysoitu Loxpyt:illa, threshold 0,6		
http://tun.fi/JX.1159768#2	http://tun.fi/MY.samplingMethodNotes	Äänitetty automaattisella tallentimella (Wildlife Acoustics SM4), analysoitu Loxpyt:illa, threshold 0.6.		
http://tun.fi/JX.1159922#2	http://tun.fi/MY.habitat	http://tun.fi/MY.habitatEnumValue1		
http://tun.fi/JX.1159922#2	http://tun.fi/MY.habitat	http://tun.fi/MY.habitatEnumValue4		
http://tun.fi/JX.1159922#2	http://tun.fi/MY.habitatDescription	luonnontilainen lehtomainen-tuore kangas		
http://tun.fi/JX.1159922#75	http://tun.fi/MY.habitat	http://tun.fi/MY.habitatEnumValue71		
http://tun.fi/JX.1159922#75	http://tun.fi/MY.habitatDescription	nurmikko, Betula, Salix, Acer		
http://tun.fi/JX.1159922#149	http://tun.fi/MY.habitat	http://tun.fi/MY.habitatEnumValue86		
http://tun.fi/JX.1159922#149	http://tun.fi/MY.habitatDescription	ulkoilutien piennar		
http://tun.fi/JX.1159922#2	http://tun.fi/MY.habitat	http://tun.fi/MY.habitatEnumValue1		
http://tun.fi/JX.1159922#2	http://tun.fi/MY.habitat	http://tun.fi/MY.habitatEnumValue4		
http://tun.fi/JX.1159922#2	http://tun.fi/MY.habitatDescription	luonnontilainen lehtomainen-tuore kangas		
http://tun.fi/JX.1159922#60	http://tun.fi/MY.habitat	http://tun.fi/MY.habitatEnumValue1		
http://tun.fi/JX.1159922#60	http://tun.fi/MY.habitat	http://tun.fi/MY.habitatEnumValue4		
http://tun.fi/JX.1159922#60	http://tun.fi/MY.habitatDescription	luonnontilainen lehtomainen-tuore kangas		
http://tun.fi/JX.1159922#2	http://tun.fi/MY.habitat	http://tun.fi/MY.habitatEnumValue1		
http://tun.fi/JX.1159922#2	http://tun.fi/MY.habitat	http://tun.fi/MY.habitatEnumValue4		
http://tun.fi/JX.1159922#2	http://tun.fi/MY.habitatDescription	luonnontilainen lehtomainen-tuore kangas		
http://tun.fi/JX.1159922#75	http://tun.fi/MY.habitat	http://tun.fi/MY.habitatEnumValue71		
http://tun.fi/JX.1159922#75	http://tun.fi/MY.habitatDescription	nurmikko, Betula, Salix, Acer		
http://tun.fi/JX.1159922#2	http://tun.fi/MY.habitat	http://tun.fi/MY.habitatEnumValue1		
http://tun.fi/JX.1159922#2	http://tun.fi/MY.habitat	http://tun.fi/MY.habitatEnumValue4		
http://tun.fi/JX.1159922#2	http://tun.fi/MY.habitatDescription	luonnontilainen lehtomainen-tuore kangas		
http://tun.fi/JX.1161653#2	http://tun.fi/MY.habitatDescription	niitty ja puitu rypsipelto		
http://tun.fi/JX.1161653#18	http://tun.fi/MY.habitatDescription	niitty ja puitu rypsipelto		
http://tun.fi/JX.1161653#2	http://tun.fi/MY.habitatDescription	niitty ja puitu rypsipelto		
http://tun.fi/JX.1161653#66	http://tun.fi/MY.habitatDescription	niitty ja puitu rypsipelto		
http://tun.fi/JX.1161653#2	http://tun.fi/MY.habitatDescription	niitty ja puitu rypsipelto		
http://tun.fi/JX.1161967#2	http://tun.fi/MY.samplingMethodNotes	Äänitetty automaattisella tallentimella (Wildlife Acoustics SM4), analysoitu Loxpyt:illa, threshold 0,6.		
http://tun.fi/JX.1169777#2	http://tun.fi/MY.habitatDescription	avokallio, osittain entinen pihamaa		
http://tun.fi/JX.1175879#2	http://tun.fi/MY.habitat	http://tun.fi/MY.habitatEnumValue9		
http://tun.fi/JX.1175879#2	http://tun.fi/MY.samplingMethod	http://tun.fi/MY.samplingMethodTrap		
http://tun.fi/JX.1175880#2	http://tun.fi/MY.habitat	http://tun.fi/MY.habitatEnumValue9		
http://tun.fi/JX.1175880#2	http://tun.fi/MY.samplingMethod	http://tun.fi/MY.samplingMethodTrap		
http://tun.fi/JX.1175880#15	http://tun.fi/MY.habitat	http://tun.fi/MY.habitatEnumValue9		
http://tun.fi/JX.1175880#15	http://tun.fi/MY.samplingMethod	http://tun.fi/MY.samplingMethodHand		
http://tun.fi/JX.1175880#2	http://tun.fi/MY.habitat	http://tun.fi/MY.habitatEnumValue9		
http://tun.fi/JX.1175880#2	http://tun.fi/MY.samplingMethod	http://tun.fi/MY.samplingMethodTrap		
http://tun.fi/JX.1175881#2	http://tun.fi/MY.habitat	http://tun.fi/MY.habitatEnumValue9		
http://tun.fi/JX.1175881#2	http://tun.fi/MY.samplingMethod	http://tun.fi/MY.samplingMethodTrap		
http://tun.fi/JX.1175882#2	http://tun.fi/MY.habitat	http://tun.fi/MY.habitatEnumValue24		
http://tun.fi/JX.1175882#2	http://tun.fi/MY.samplingMethod	http://tun.fi/MY.samplingMethodTrap		
http://tun.fi/JX.1175883#2	http://tun.fi/MY.habitat	http://tun.fi/MY.habitatEnumValue9		
http://tun.fi/JX.1175883#2	http://tun.fi/MY.samplingMethod	http://tun.fi/MY.samplingMethodTrap		
http://tun.fi/JX.1175926#2	http://tun.fi/MY.habitat	http://tun.fi/MY.habitatEnumValue56		
http://tun.fi/JX.1175926#2	http://tun.fi/MY.samplingMethod	http://tun.fi/MY.samplingMethodWindowtrap		
http://tun.fi/JX.1175938#2	http://tun.fi/MY.habitat	http://tun.fi/MY.habitatEnumValue75		
http://tun.fi/JX.1175938#2	http://tun.fi/MY.samplingMethod	http://tun.fi/MY.samplingMethodWindowtrap		
http://tun.fi/JX.1176537#2	http://tun.fi/MY.observationMinutes	450	450	450.0
http://tun.fi/JX.1190175#2	http://tun.fi/MY.habitat	http://tun.fi/MY.habitatEnumValue27		
http://tun.fi/JX.1190175#2	http://tun.fi/MY.habitatDescription	Merenranta		
http://tun.fi/JX.1204254#2	http://tun.fi/MY.samplingMethod	http://tun.fi/MY.samplingMethodNet		
http://tun.fi/JX.1209760#2	http://tun.fi/MY.habitat	http://tun.fi/MY.habitatEnumValue7		
http://tun.fi/JX.1209762#2	http://tun.fi/MY.habitat	http://tun.fi/MY.habitatEnumValue7		
http://tun.fi/JX.1209762#2	http://tun.fi/MY.habitatDescription	Rantalehto		
http://tun.fi/JX.1212395#2	http://tun.fi/MY.habitat	http://tun.fi/MY.habitatEnumValue24		
http://tun.fi/JX.1212395#2	http://tun.fi/MY.habitatDescription	Joki		
http://tun.fi/JX.1214748#2	http://tun.fi/MY.habitat	http://tun.fi/MY.habitatEnumValue65		
http://tun.fi/JX.1214748#2	http://tun.fi/MY.habitatDescription	Rautatien varsi		
http://tun.fi/JX.1217028#2	http://tun.fi/MY.habitat	http://tun.fi/MY.habitatEnumValue73		
http://tun.fi/JX.1218710#2	http://tun.fi/MY.samplingMethod	http://tun.fi/MY.samplingMethodLightTrap		
http://tun.fi/JX.1223095#2	http://tun.fi/MY.samplingMethodNotes	Äänitetty automaattisella tallentimella (Audiomoth), joka suunnattu SW		
http://tun.fi/JX.1223642#2	http://tun.fi/MY.habitat	http://tun.fi/MY.habitatEnumValue7		
http://tun.fi/JX.1225128#24	http://tun.fi/MY.habitat	http://tun.fi/MY.habitatEnumValue6		
http://tun.fi/JX.1225128#24	http://tun.fi/MY.habitatDescription	kalliomännikkö		
http://tun.fi/JX.1225128#24	http://tun.fi/MY.habitat	http://tun.fi/MY.habitatEnumValue6		
http://tun.fi/JX.1225128#24	http://tun.fi/MY.habitatDescription	kalliomännikkö		
http://tun.fi/JX.1225128#43	http://tun.fi/MY.habitat	http://tun.fi/MY.habitatEnumValue6		
http://tun.fi/JX.1225128#43	http://tun.fi/MY.habitatDescription	kalliomännikkö		
http://tun.fi/JX.1225739#42	http://tun.fi/MY.habitatDescription	sisäsaaristo		
http://tun.fi/JX.1225739#49	http://tun.fi/MY.habitatDescription	sisäsaaristo		
http://tun.fi/JX.1225739#42	http://tun.fi/MY.habitatDescription	sisäsaaristo		
http://tun.fi/JX.1228020#2	http://tun.fi/MY.habitatDescription	tulviva järvi ja metsä		
http://tun.fi/JX.1228020#42	http://tun.fi/MY.habitatDescription	tulviva järvi ja metsä		
http://tun.fi/JX.1228020#2	http://tun.fi/MY.habitatDescription	tulviva järvi ja metsä		
http://tun.fi/JX.1230377#2	http://tun.fi/MY.habitat	http://tun.fi/MY.habitatEnumValue75		
http://tun.fi/JX.1231181#18	http://tun.fi/MY.habitatDescription	tienpiennar		
http://tun.fi/JX.1231181#21	http://tun.fi/MY.habitatDescription	tienpiennar		
http://tun.fi/JX.1231181#24	http://tun.fi/MY.habitatDescription	tienpiennar		
http://tun.fi/JX.1231181#30	http://tun.fi/MY.habitatDescription	tienpiennar		
http://tun.fi/JX.1231181#3	http://tun.fi/MY.habitatDescription	tienpiennar		
http://tun.fi/JX.1231181#42	http://tun.fi/MY.habitatDescription	tienpiennar		
http://tun.fi/JX.1231181#45	http://tun.fi/MY.habitatDescription	tienpiennar		
http://tun.fi/JX.1231181#2	http://tun.fi/MY.habitatDescription	tienpiennar		
http://tun.fi/JX.1231181#54	http://tun.fi/MY.habitatDescription	tienpiennar		
http://tun.fi/JX.1231181#57	http://tun.fi/MY.habitatDescription	tienpiennar		
http://tun.fi/JX.1231181#2	http://tun.fi/MY.habitatDescription	tienpiennar		
http://tun.fi/JX.1231181#66	http://tun.fi/MY.habitatDescription	tienpiennar		
http://tun.fi/JX.1231181#72	http://tun.fi/MY.habitatDescription	tienpiennar		
http://tun.fi/JX.1231432#298	http://tun.fi/MY.habitat	http://tun.fi/MY.habitatEnumValue6		
http://tun.fi/JX.1231432#298	http://tun.fi/MY.habitatDescription	kalliomännikkö		
http://tun.fi/JX.1231432#298	http://tun.fi/MY.habitat	http://tun.fi/MY.habitatEnumValue6		
http://tun.fi/JX.1231432#298	http://tun.fi/MY.habitatDescription	kalliomännikkö		
http://tun.fi/JX.1231432#350	http://tun.fi/MY.habitat	http://tun.fi/MY.habitatEnumValue5		
http://tun.fi/JX.1231432#350	http://tun.fi/MY.habitatDescription	avoin mäntykangas		
http://tun.fi/JX.1231432#350	http://tun.fi/MY.habitat	http://tun.fi/MY.habitatEnumValue5		
http://tun.fi/JX.1231432#350	http://tun.fi/MY.habitatDescription	avoin mäntykangas		
http://tun.fi/JX.1231432#350	http://tun.fi/MY.habitat	http://tun.fi/MY.habitatEnumValue5		
http://tun.fi/JX.1231432#350	http://tun.fi/MY.habitatDescription	avoin mäntykangas		
http://tun.fi/JX.1231432#411	http://tun.fi/MY.habitat	http://tun.fi/MY.habitatEnumValue6		
http://tun.fi/JX.1231432#411	http://tun.fi/MY.habitatDescription	kalliomännikkö, vanha metsäpaloalue		
http://tun.fi/JX.1231432#411	http://tun.fi/MY.habitat	http://tun.fi/MY.habitatEnumValue6		
http://tun.fi/JX.1231432#411	http://tun.fi/MY.habitatDescription	kalliomännikkö, vanha metsäpaloalue		
http://tun.fi/JX.1231432#442	http://tun.fi/MY.habitat	http://tun.fi/MY.habitatEnumValue6		
http://tun.fi/JX.1231432#442	http://tun.fi/MY.habitatDescription	kalliomännikkö, vanha metsäpaloalue		
http://tun.fi/JX.1231432#411	http://tun.fi/MY.habitat	http://tun.fi/MY.habitatEnumValue6		
http://tun.fi/JX.1231432#411	http://tun.fi/MY.habitatDescription	kalliomännikkö, vanha metsäpaloalue		
http://tun.fi/JX.1231551#153	http://tun.fi/MY.habitat	http://tun.fi/MY.habitatEnumValue21		
http://tun.fi/JX.1231551#153	http://tun.fi/MY.habitatDescription	kostea painanne ja kuivempaa korpea, isoja haapoja		
http://tun.fi/JX.1231551#153	http://tun.fi/MY.habitat	http://tun.fi/MY.habitatEnumValue21		
http://tun.fi/JX.1231551#153	http://tun.fi/MY.habitatDescription	kostea painanne ja kuivempaa korpea, isoja haapoja		
http://tun.fi/JX.1231551#190	http://tun.fi/MY.habitat	http://tun.fi/MY.habitatEnumValue87		
http://tun.fi/JX.1231551#190	http://tun.fi/MY.habitatDescription	kalliomännikkö		
http://tun.fi/JX.1231551#190	http://tun.fi/MY.habitat	http://tun.fi/MY.habitatEnumValue87		
http://tun.fi/JX.1231551#190	http://tun.fi/MY.habitatDescription	kalliomännikkö		
http://tun.fi/JX.1231551#242	http://tun.fi/MY.habitat	http://tun.fi/MY.habitatEnumValue87		
http://tun.fi/JX.1231551#242	http://tun.fi/MY.habitatDescription	kalliomännikkö, jossa suuri lammikko		
http://tun.fi/JX.1231551#242	http://tun.fi/MY.habitat	http://tun.fi/MY.habitatEnumValue87		
http://tun.fi/JX.1231551#242	http://tun.fi/MY.habitatDescription	kalliomännikkö, jossa suuri lammikko		
http://tun.fi/JX.1231551#242	http://tun.fi/MY.habitat	http://tun.fi/MY.habitatEnumValue87		
http://tun.fi/JX.1231551#242	http://tun.fi/MY.habitatDescription	kalliomännikkö, jossa suuri lammikko		
http://tun.fi/JX.1231551#30	http://tun.fi/MY.habitat	http://tun.fi/MY.habitatEnumValue21		
http://tun.fi/JX.1231551#30	http://tun.fi/MY.habitatDescription	luonnontilainen kuusivaltainen korpi, myös maapuita ja haapoja		
http://tun.fi/JX.1231551#30	http://tun.fi/MY.habitat	http://tun.fi/MY.habitatEnumValue21		
http://tun.fi/JX.1231551#30	http://tun.fi/MY.habitatDescription	luonnontilainen kuusivaltainen korpi, myös maapuita ja haapoja		
http://tun.fi/JX.1231551#30	http://tun.fi/MY.habitat	http://tun.fi/MY.habitatEnumValue21		
http://tun.fi/JX.1231551#30	http://tun.fi/MY.habitatDescription	luonnontilainen kuusivaltainen korpi, myös maapuita ja haapoja		
http://tun.fi/JX.1231551#30	http://tun.fi/MY.habitat	http://tun.fi/MY.habitatEnumValue21		
http://tun.fi/JX.1231551#30	http://tun.fi/MY.habitatDescription	luonnontilainen kuusivaltainen korpi, myös maapuita ja haapoja		
http://tun.fi/JX.1231551#30	http://tun.fi/MY.habitat	http://tun.fi/MY.habitatEnumValue21		
http://tun.fi/JX.1231551#30	http://tun.fi/MY.habitatDescription	luonnontilainen kuusivaltainen korpi, myös maapuita ja haapoja		
http://tun.fi/JX.1231551#30	http://tun.fi/MY.habitat	http://tun.fi/MY.habitatEnumValue21		
http://tun.fi/JX.1231551#30	http://tun.fi/MY.habitatDescription	luonnontilainen kuusivaltainen korpi, myös maapuita ja haapoja		
http://tun.fi/JX.1231988#25	http://tun.fi/MY.habitat	http://tun.fi/MY.habitatEnumValue21		
http://tun.fi/JX.1231988#25	http://tun.fi/MY.habitatDescription	kostea puoliavoin korpi		
http://tun.fi/JX.1231988#102	http://tun.fi/MY.habitat	http://tun.fi/MY.habitatEnumValue21		
http://tun.fi/JX.1231988#102	http://tun.fi/MY.habitatDescription	kostea puoliavoin korpi		
http://tun.fi/JX.1231988#25	http://tun.fi/MY.habitat	http://tun.fi/MY.habitatEnumValue21		
http://tun.fi/JX.1231988#25	http://tun.fi/MY.habitatDescription	kostea puoliavoin korpi		
http://tun.fi/JX.1231988#29	http://tun.fi/MY.habitat	http://tun.fi/MY.habitatEnumValue21		
http://tun.fi/JX.1231988#33	http://tun.fi/MY.habitat	http://tun.fi/MY.habitatEnumValue3		
http://tun.fi/JX.1231988#150	http://tun.fi/MY.habitat	http://tun.fi/MY.habitatEnumValue3		
http://tun.fi/JX.1231988#33	http://tun.fi/MY.habitat	http://tun.fi/MY.habitatEnumValue3		
http://tun.fi/JX.1231988#33	http://tun.fi/MY.habitat	http://tun.fi/MY.habitatEnumValue3		
http://tun.fi/JX.1231988#37	http://tun.fi/MY.habitat	http://tun.fi/MY.habitatEnumValue87		
http://tun.fi/JX.1231988#37	http://tun.fi/MY.habitatDescription	kalliomännikkö		
http://tun.fi/JX.1231988#37	http://tun.fi/MY.habitat	http://tun.fi/MY.habitatEnumValue87		
http://tun.fi/JX.1231988#37	http://tun.fi/MY.habitatDescription	kalliomännikkö		
http://tun.fi/JX.1231988#21	http://tun.fi/MY.habitat	http://tun.fi/MY.habitatEnumValue21		
http://tun.fi/JX.1231988#231	http://tun.fi/MY.habitat	http://tun.fi/MY.habitatEnumValue87		
http://tun.fi/JX.1231988#231	http://tun.fi/MY.habitatDescription	kalliomännikkö		
http://tun.fi/JX.1231988#234	http://tun.fi/MY.habitat	http://tun.fi/MY.habitatEnumValue87		
http://tun.fi/JX.1231988#234	http://tun.fi/MY.habitatDescription	kalliomännikkö		
http://tun.fi/JX.1231988#41	http://tun.fi/MY.habitat	http://tun.fi/MY.habitatEnumValue87		
http://tun.fi/JX.1231988#41	http://tun.fi/MY.habitatDescription	kallion huippu, kalliomännikkö		
http://tun.fi/JX.1231988#26	http://tun.fi/MY.habitat	http://tun.fi/MY.habitatEnumValue21		
http://tun.fi/JX.1231988#26	http://tun.fi/MY.habitatDescription	kostea puoliavoin korpi		
http://tun.fi/JX.1231988#41	http://tun.fi/MY.habitat	http://tun.fi/MY.habitatEnumValue87		
http://tun.fi/JX.1231988#41	http://tun.fi/MY.habitatDescription	kallion huippu, kalliomännikkö		
http://tun.fi/JX.1231988#29	http://tun.fi/MY.habitat	http://tun.fi/MY.habitatEnumValue21		
http://tun.fi/JX.1231988#33	http://tun.fi/MY.habitat	http://tun.fi/MY.habitatEnumValue3		
http://tun.fi/JX.1231988#37	http://tun.fi/MY.habitat	http://tun.fi/MY.habitatEnumValue87		
http://tun.fi/JX.1231988#37	http://tun.fi/MY.habitatDescription	kalliomännikkö		
http://tun.fi/JX.1231988#41	http://tun.fi/MY.habitat	http://tun.fi/MY.habitatEnumValue87		
http://tun.fi/JX.1231988#41	http://tun.fi/MY.habitatDescription	kallion huippu, kalliomännikkö		
http://tun.fi/JX.1231988#21	http://tun.fi/MY.habitat	http://tun.fi/MY.habitatEnumValue21		
http://tun.fi/JX.1231988#21	http://tun.fi/MY.habitat	http://tun.fi/MY.habitatEnumValue21		
http://tun.fi/JX.1231988#78	http://tun.fi/MY.habitat	http://tun.fi/MY.habitatEnumValue21		
http://tun.fi/JX.1231988#78	http://tun.fi/MY.habitatDescription	kostea puoliavoin korpi		
http://tun.fi/JX.1231988#25	http://tun.fi/MY.habitat	http://tun.fi/MY.habitatEnumValue21		
http://tun.fi/JX.1231988#25	http://tun.fi/MY.habitatDescription	kostea puoliavoin korpi		
http://tun.fi/JX.1232274#2	http://tun.fi/MY.habitatDescription	kuntopolku, täytemaata		
http://tun.fi/JX.1246420#30	http://tun.fi/MY.habitat	http://tun.fi/MY.habitatEnumValue71		
http://tun.fi/JX.1246420#30	http://tun.fi/MY.habitatDescription	aurinkoinen kivimuuri vaahteroiden alla		
http://tun.fi/JX.1247512#2	http://tun.fi/MY.habitat	http://tun.fi/MY.habitatEnumValue26		
http://tun.fi/JX.1247512#2	http://tun.fi/MY.habitatDescription	puronvarsi		
http://tun.fi/JX.1247566#2	http://tun.fi/MY.habitat	http://tun.fi/MY.habitatEnumValue76		
http://tun.fi/JX.1248506#2	http://tun.fi/MY.habitat	http://tun.fi/MY.habitatEnumValue5		
http://tun.fi/JX.1248506#2	http://tun.fi/MY.habitatDescription	mustikka-puolukka-kanervavarvikko		
http://tun.fi/JX.1248654#101	http://tun.fi/MY.habitatDescription	sekamtsä & pientareet		
http://tun.fi/JX.1248654#66	http://tun.fi/MY.habitatDescription	sekamtsä & pientareet		
http://tun.fi/JX.1248654#66	http://tun.fi/MY.habitatDescription	sekamtsä & pientareet		
http://tun.fi/JX.1249715#2	http://tun.fi/MY.habitat	http://tun.fi/MY.habitatEnumValue71		
http://tun.fi/JX.1249715#2	http://tun.fi/MY.habitatDescription	kaupunkipiha pientaloalueella		
http://tun.fi/JX.1249715#2	http://tun.fi/MY.samplingMethod	http://tun.fi/MY.samplingMethodLight		
http://tun.fi/JX.1253832#54	http://tun.fi/MY.habitat	http://tun.fi/MY.habitatEnumValue9		
http://tun.fi/JX.1254348#162	http://tun.fi/MY.samplingMethod	http://tun.fi/MY.samplingMethodCarnet		
http://tun.fi/JX.1254348#178	http://tun.fi/MY.habitat	http://tun.fi/MY.habitatEnumValue9		
http://tun.fi/JX.1254348#178	http://tun.fi/MY.habitatDescription	kartanopuisto		
http://tun.fi/JX.1254348#178	http://tun.fi/MY.habitat	http://tun.fi/MY.habitatEnumValue9		
http://tun.fi/JX.1254348#178	http://tun.fi/MY.habitatDescription	kartanopuisto		
http://tun.fi/JX.1258949#81	http://tun.fi/MY.habitat	http://tun.fi/MY.habitatEnumValue87		
http://tun.fi/JX.1258949#81	http://tun.fi/MY.habitat	http://tun.fi/MY.habitatEnumValue6		
http://tun.fi/JX.1258949#81	http://tun.fi/MY.habitatDescription	kalliomännikkö, jossa varpuja		
http://tun.fi/JX.1258949#81	http://tun.fi/MY.samplingMethod	http://tun.fi/MY.samplingMethodSweeping		
http://tun.fi/JX.1258949#81	http://tun.fi/MY.habitat	http://tun.fi/MY.habitatEnumValue87		
http://tun.fi/JX.1258949#81	http://tun.fi/MY.habitat	http://tun.fi/MY.habitatEnumValue6		
http://tun.fi/JX.1258949#81	http://tun.fi/MY.habitatDescription	kalliomännikkö, jossa varpuja		
http://tun.fi/JX.1258949#81	http://tun.fi/MY.samplingMethod	http://tun.fi/MY.samplingMethodSweeping		
http://tun.fi/JX.1258949#81	http://tun.fi/MY.habitat	http://tun.fi/MY.habitatEnumValue87		
http://tun.fi/JX.1258949#81	http://tun.fi/MY.habitat	http://tun.fi/MY.habitatEnumValue6		
http://tun.fi/JX.1258949#81	http://tun.fi/MY.habitatDescription	kalliomännikkö, jossa varpuja		
http://tun.fi/JX.1258949#81	http://tun.fi/MY.samplingMethod	http://tun.fi/MY.samplingMethodSweeping		
http://tun.fi/JX.139904#1	http://tun.fi/MY.habitat	http://tun.fi/MY.habitatEnumValue64		
http://tun.fi/JX.139904#1	http://tun.fi/MY.habitat	http://tun.fi/MY.habitatEnumValue59		
http://tun.fi/JX.139904#1	http://tun.fi/MY.habitatDescription	Ojanvarsiniitty		
http://tun.fi/JX.31780#2	http://tun.fi/MY.habitat	http://tun.fi/MY.habitatEnumValue17		
http://tun.fi/JX.31785#2	http://tun.fi/MY.habitat	http://tun.fi/MY.habitatEnumValue17		
http://tun.fi/JX.32250#2	http://tun.fi/MY.habitat	http://tun.fi/MY.habitatEnumValue64		
http://tun.fi/JX.32250#2	http://tun.fi/MY.habitatDescription	Oja		
http://tun.fi/JX.32251#2	http://tun.fi/MY.habitat	http://tun.fi/MY.habitatEnumValue64		
http://tun.fi/JX.32251#2	http://tun.fi/MY.habitatDescription	Oja		
http://tun.fi/JX.34134#2	http://tun.fi/MY.alt	20	20	20.0
http://tun.fi/JX.53493#2	http://tun.fi/MY.habitat	http://tun.fi/MY.habitatEnumValue11		
http://tun.fi/JX.53493#2	http://tun.fi/MY.habitat	http://tun.fi/MY.habitatEnumValue73		
http://tun.fi/JX.987549#1	http://tun.fi/MY.habitat	http://tun.fi/MY.habitatEnumValue20		
http://tun.fi/JX.987549#1	http://tun.fi/MY.habitat	http://tun.fi/MY.habitatEnumValue21		
http://tun.fi/JX.987727#39	http://tun.fi/MY.habitat	http://tun.fi/MY.habitatEnumValue26		
http://tun.fi/JX.987727#39	http://tun.fi/MY.habitatDescription	puronvarren pohjoisrinne, karike koivujen juurella.		
http://tun.fi/JX.987727#39	http://tun.fi/MY.samplingMethod	http://tun.fi/MY.samplingMethodSifting		
http://tun.fi/JX.987727#39	http://tun.fi/MY.samplingMethodNotes	n. 1 litra maa-ainesta ja kariketta		
http://tun.fi/JX.987727#39	http://tun.fi/MY.habitat	http://tun.fi/MY.habitatEnumValue26		
http://tun.fi/JX.987727#39	http://tun.fi/MY.habitatDescription	puronvarren pohjoisrinne, karike koivujen juurella.		
http://tun.fi/JX.987727#39	http://tun.fi/MY.samplingMethod	http://tun.fi/MY.samplingMethodSifting		
http://tun.fi/JX.987727#39	http://tun.fi/MY.samplingMethodNotes	n. 1 litra maa-ainesta ja kariketta		
http://tun.fi/JX.992591#1	http://tun.fi/MY.habitat	http://tun.fi/MY.habitatEnumValue66		
http://tun.fi/JX.994142#1	http://tun.fi/MY.habitat	http://tun.fi/MY.habitatEnumValue66		
http://tun.fi/JX.995731#1	http://tun.fi/MY.samplingMethodNotes	Äänitetty automaattisella tallentimella (Wildlife Acoustics SM4), joka suunnattu ylös, 2 m korkeudella maasta.		
http://tun.fi/JX.995731#14	http://tun.fi/MY.samplingMethodNotes	Äänitetty automaattisella tallentimella (Wildlife Acoustics SM4), joka suunnattu ylös, 2 m korkeudella maasta.		
http://tun.fi/JX.995731#1	http://tun.fi/MY.samplingMethodNotes	Äänitetty automaattisella tallentimella (Wildlife Acoustics SM4), joka suunnattu ylös, 2 m korkeudella maasta.		
http://tun.fi/JX.995749#1	http://tun.fi/MY.samplingMethodNotes	Äänitetty automaattisella tallentimella (Wildlife Acoustics SM4), joka suunnattu NW, 45* kumassa, 1,5 m korkeudella maasta.		
http://tun.fi/JX.995845#1	http://tun.fi/MY.samplingMethodNotes	Äänitetty automaattisella tallentimella (Wildlife Acoustics SM4), joka suunnattu XX, YY* kumassa, ZZ m korkeudella maasta.		
http://tun.fi/JX.995948#1	http://tun.fi/MY.samplingMethodNotes	Äänitetty automaattisella tallentimella (Audiomoth), joka suunnattu NW, 30* kumassa, 2 m korkeudella maasta.		
http://tun.fi/JX.995950#1	http://tun.fi/MY.samplingMethodNotes	Äänitetty automaattisella tallentimella (Audiomoth), joka suunnattu NW, 30* kumassa, 2 m korkeudella maasta.		
http://tun.fi/JX.995951#1	http://tun.fi/MY.samplingMethodNotes	Äänitetty automaattisella tallentimella (Audiomoth), joka suunnattu NW, 30* kumassa, 2 m korkeudella maasta.		
http://tun.fi/JX.995957#1	http://tun.fi/MY.samplingMethodNotes	Äänitetty automaattisella tallentimella (Audiomoth), joka suunnattu NW, 45* kumassa, 1,5 m korkeudella maasta puussa.		
http://tun.fi/JX.995963#1	http://tun.fi/MY.samplingMethodNotes	Äänitetty automaattisella tallentimella (Audiomoth), joka suunnattu ylös 90* kumassa, 2 m korkeudella maasta kuolleessa kuusessa.		
http://tun.fi/JX.996101#2	http://tun.fi/MY.samplingMethodNotes	Äänitetty automaattisella tallentimella (Wildlife Acoustics SM4), joka suunnattu NW, 30* kumassa, 2 m korkeudella maasta.		
http://tun.fi/JX.996101#3	http://tun.fi/MY.samplingMethodNotes	Äänitetty automaattisella tallentimella (Wildlife Acoustics SM4), joka suunnattu NW, 30* kumassa, 2 m korkeudella maasta.		
http://tun.fi/JX.996101#2	http://tun.fi/MY.samplingMethodNotes	Äänitetty automaattisella tallentimella (Wildlife Acoustics SM4), joka suunnattu NW, 30* kumassa, 2 m korkeudella maasta.		
http://tun.fi/JX.996503#2	http://tun.fi/MY.samplingMethodNotes	Äänitetty automaattisella tallentimella (Wildlife Acoustics SM4), joka suunnattu NW, 30* kumassa, 2 m korkeudella maasta.		
http://tun.fi/JX.996503#3	http://tun.fi/MY.samplingMethodNotes	Äänitetty automaattisella tallentimella (Wildlife Acoustics SM4), joka suunnattu NW, 30* kumassa, 2 m korkeudella maasta.		
http://tun.fi/JX.996503#2	http://tun.fi/MY.samplingMethodNotes	Äänitetty automaattisella tallentimella (Wildlife Acoustics SM4), joka suunnattu NW, 30* kumassa, 2 m korkeudella maasta.		
http://tun.fi/JX.996600#2	http://tun.fi/MY.samplingMethodNotes	Äänitetty automaattisella tallentimella (Wildlife Acoustics SM4), joka suunnattu NW, 30* kumassa, 2 m korkeudella maasta.		
http://tun.fi/JX.996600#3	http://tun.fi/MY.samplingMethodNotes	Äänitetty automaattisella tallentimella (Wildlife Acoustics SM4), joka suunnattu NW, 30* kumassa, 2 m korkeudella maasta.		
http://tun.fi/JX.996600#2	http://tun.fi/MY.samplingMethodNotes	Äänitetty automaattisella tallentimella (Wildlife Acoustics SM4), joka suunnattu NW, 30* kumassa, 2 m korkeudella maasta.		
http://tun.fi/JX.997436#2	http://tun.fi/MY.samplingMethodNotes	Äänitetty automaattisella tallentimella (Wildlife Acoustics SM4), joka suunnattu NW, 30* kumassa, 2 m korkeudella maasta.		
http://tun.fi/JX.997436#3	http://tun.fi/MY.samplingMethodNotes	Äänitetty automaattisella tallentimella (Wildlife Acoustics SM4), joka suunnattu NW, 30* kumassa, 2 m korkeudella maasta.		
http://tun.fi/JX.997436#6	http://tun.fi/MY.samplingMethodNotes	Äänitetty automaattisella tallentimella (Wildlife Acoustics SM4), joka suunnattu NW, 30* kumassa, 2 m korkeudella maasta.		
http://tun.fi/JX.997461#9	http://tun.fi/MY.samplingMethodNotes	Äänitetty automaattisella tallentimella (Audiomoth), joka suunnattu SW, 45* kumassa, 3 m korkeudella maasta.		
http://tun.fi/JX.997461#2	http://tun.fi/MY.samplingMethodNotes	Äänitetty automaattisella tallentimella (Audiomoth), joka suunnattu SW, 45* kumassa, 3 m korkeudella maasta.		
http://tun.fi/JX.997461#3	http://tun.fi/MY.samplingMethodNotes	Äänitetty automaattisella tallentimella (Audiomoth), joka suunnattu SW, 45* kumassa, 3 m korkeudella maasta.		
http://tun.fi/JX.997461#2	http://tun.fi/MY.samplingMethodNotes	Äänitetty automaattisella tallentimella (Audiomoth), joka suunnattu SW, 45* kumassa, 3 m korkeudella maasta.		
http://tun.fi/JX.997494#2	http://tun.fi/MY.samplingMethodNotes	Äänitetty automaattisella tallentimella (Audiomoth), joka räystään alla suunnattu NW, 10* kumassa, 4 m korkeudella maasta.		
http://tun.fi/JX.997640#9	http://tun.fi/MY.samplingMethodNotes	Äänitetty automaattisella tallentimella (Wildlife Acoustics SM4), joka suunnattu NW, 30* kumassa, 2 m korkeudella maasta.		
http://tun.fi/JX.997640#2	http://tun.fi/MY.samplingMethodNotes	Äänitetty automaattisella tallentimella (Wildlife Acoustics SM4), joka suunnattu NW, 30* kumassa, 2 m korkeudella maasta.		
http://tun.fi/JX.997640#15	http://tun.fi/MY.samplingMethodNotes	Äänitetty automaattisella tallentimella (Wildlife Acoustics SM4), joka suunnattu NW, 30* kumassa, 2 m korkeudella maasta.		
http://tun.fi/JX.997640#2	http://tun.fi/MY.samplingMethodNotes	Äänitetty automaattisella tallentimella (Wildlife Acoustics SM4), joka suunnattu NW, 30* kumassa, 2 m korkeudella maasta.		
http://tun.fi/JX.997728#2	http://tun.fi/MY.samplingMethodNotes	Äänitetty automaattisella tallentimella (Wildlife Acoustics SM4), joka suunnattu NW, 30* kumassa, 2 m korkeudella maasta.		
http://tun.fi/JX.997728#3	http://tun.fi/MY.samplingMethodNotes	Äänitetty automaattisella tallentimella (Wildlife Acoustics SM4), joka suunnattu NW, 30* kumassa, 2 m korkeudella maasta.		
http://tun.fi/JX.997728#2	http://tun.fi/MY.samplingMethodNotes	Äänitetty automaattisella tallentimella (Wildlife Acoustics SM4), joka suunnattu NW, 30* kumassa, 2 m korkeudella maasta.		
http://tun.fi/JX.999007#2	http://tun.fi/MY.samplingMethodNotes	Äänitetty automaattisella tallentimella (Wildlife Acoustics SM4), joka suunnattu NW, 30* kumassa, 2 m korkeudella maasta.		
