Parent	Fact	Value	IntValue	DecimalValue
http://tun.fi/HR.3211/60709556	catalogueNumber	60709556	60709556	6.0709556E7
http://tun.fi/HR.3211/60709556	referenceURI	https://www.inaturalist.org/observations/60709556		
http://tun.fi/HR.3211/60709556	observedOrCreatedAt	2020-09-20T09:53:58+02:00		
http://tun.fi/HR.3211/79670570	catalogueNumber	79670570	79670570	7.967057E7
http://tun.fi/HR.3211/79670570	referenceURI	https://www.inaturalist.org/observations/79670570		
http://tun.fi/HR.3211/79670570	observedOrCreatedAt	2020-07-16T13:41:44+03:00		
http://tun.fi/HR.3211/80567319	catalogueNumber	80567319	80567319	8.0567319E7
http://tun.fi/HR.3211/80567319	referenceURI	https://www.inaturalist.org/observations/80567319		
http://tun.fi/HR.3211/80567319	observedOrCreatedAt	2021-05-27T18:30:56+03:00		
http://tun.fi/HR.3211/80567345	catalogueNumber	80567345	80567345	8.0567345E7
http://tun.fi/HR.3211/80567345	referenceURI	https://www.inaturalist.org/observations/80567345		
http://tun.fi/HR.3211/80567345	observedOrCreatedAt	2021-05-27T18:27:07+03:00		
http://tun.fi/HR.3211/80766602	catalogueNumber	80766602	80766602	8.0766602E7
http://tun.fi/HR.3211/80766602	referenceURI	https://www.inaturalist.org/observations/80766602		
http://tun.fi/HR.3211/80766602	observedOrCreatedAt	2021-05-29T18:00:21+03:00		
http://tun.fi/JX.1121631	http://tun.fi/MY.censusHinderedByEnviromentalFactors	false		
http://tun.fi/JX.1121631	http://tun.fi/MY.timeStart	04:35		
http://tun.fi/JX.1121631	http://tun.fi/MY.timeEnd	07:25		
http://tun.fi/JX.1121632	http://tun.fi/MY.censusHinderedByEnviromentalFactors	false		
http://tun.fi/JX.1121632	http://tun.fi/MY.timeStart	04:20		
http://tun.fi/JX.1121632	http://tun.fi/MY.timeEnd	07:27		
http://tun.fi/JX.1121633	http://tun.fi/MY.censusHinderedByEnviromentalFactors	false		
http://tun.fi/JX.1121633	http://tun.fi/MY.timeStart	04:22		
http://tun.fi/JX.1121633	http://tun.fi/MY.timeEnd	07:25		
http://tun.fi/JX.1121634	http://tun.fi/MY.censusHinderedByEnviromentalFactors	false		
http://tun.fi/JX.1121634	http://tun.fi/MY.timeStart	04:25		
http://tun.fi/JX.1121634	http://tun.fi/MY.timeEnd	07:55		
http://tun.fi/JX.1121636	http://tun.fi/MY.censusHinderedByEnviromentalFactors	false		
http://tun.fi/JX.1121636	http://tun.fi/MY.timeStart	04:17		
http://tun.fi/JX.1121636	http://tun.fi/MY.timeEnd	07:28		
http://tun.fi/JX.1121637	http://tun.fi/MY.censusHinderedByEnviromentalFactors	false		
http://tun.fi/JX.1121637	http://tun.fi/MY.timeStart	04:19		
http://tun.fi/JX.1121637	http://tun.fi/MY.timeEnd	07:29		
http://tun.fi/JX.1121638	http://tun.fi/MY.censusHinderedByEnviromentalFactors	false		
http://tun.fi/JX.1121638	http://tun.fi/MY.timeStart	04:21		
http://tun.fi/JX.1121638	http://tun.fi/MY.timeEnd	07:25		
http://tun.fi/JX.1121639	http://tun.fi/MY.censusHinderedByEnviromentalFactors	false		
http://tun.fi/JX.1121639	http://tun.fi/MY.timeStart	04:28		
http://tun.fi/JX.1121639	http://tun.fi/MY.timeEnd	07:38		
http://tun.fi/JX.1121640	http://tun.fi/MY.censusHinderedByEnviromentalFactors	false		
http://tun.fi/JX.1121640	http://tun.fi/MY.timeStart	04:21		
http://tun.fi/JX.1121640	http://tun.fi/MY.timeEnd	07:28		
http://tun.fi/JX.1121641	http://tun.fi/MY.censusHinderedByEnviromentalFactors	false		
http://tun.fi/JX.1121641	http://tun.fi/MY.timeStart	04:25		
http://tun.fi/JX.1121641	http://tun.fi/MY.timeEnd	07:30		
http://tun.fi/JX.1121642	http://tun.fi/MY.censusHinderedByEnviromentalFactors	false		
http://tun.fi/JX.1121642	http://tun.fi/MY.timeStart	04:25		
http://tun.fi/JX.1121642	http://tun.fi/MY.timeEnd	07:35		
http://tun.fi/JX.1121643	http://tun.fi/MY.censusHinderedByEnviromentalFactors	false		
http://tun.fi/JX.1121643	http://tun.fi/MY.timeStart	04:23		
http://tun.fi/JX.1121643	http://tun.fi/MY.timeEnd	07:27		
http://tun.fi/JX.1121644	http://tun.fi/MY.censusHinderedByEnviromentalFactors	false		
http://tun.fi/JX.1121644	http://tun.fi/MY.timeStart	04:23		
http://tun.fi/JX.1121644	http://tun.fi/MY.timeEnd	07:29		
http://tun.fi/JX.1121645	http://tun.fi/MY.censusHinderedByEnviromentalFactors	false		
http://tun.fi/JX.1121645	http://tun.fi/MY.timeStart	04:25		
http://tun.fi/JX.1121645	http://tun.fi/MY.timeEnd	07:48		
http://tun.fi/JX.1121646	http://tun.fi/MY.censusHinderedByEnviromentalFactors	false		
http://tun.fi/JX.1121646	http://tun.fi/MY.timeStart	04:25		
http://tun.fi/JX.1121646	http://tun.fi/MY.timeEnd	07:34		
http://tun.fi/JX.1121647	http://tun.fi/MY.censusHinderedByEnviromentalFactors	false		
http://tun.fi/JX.1121647	http://tun.fi/MY.timeStart	04:23		
http://tun.fi/JX.1121647	http://tun.fi/MY.timeEnd	07:25		
http://tun.fi/JX.1121648	http://tun.fi/MY.censusHinderedByEnviromentalFactors	false		
http://tun.fi/JX.1121648	http://tun.fi/MY.timeStart	04:25		
http://tun.fi/JX.1121648	http://tun.fi/MY.timeEnd	07:35		
http://tun.fi/JX.1121649	http://tun.fi/MY.censusHinderedByEnviromentalFactors	false		
http://tun.fi/JX.1121649	http://tun.fi/MY.timeStart	04:15		
http://tun.fi/JX.1121649	http://tun.fi/MY.timeEnd	07:25		
http://tun.fi/JX.1121650	http://tun.fi/MY.censusHinderedByEnviromentalFactors	false		
http://tun.fi/JX.1121650	http://tun.fi/MY.timeStart	04:20		
http://tun.fi/JX.1121650	http://tun.fi/MY.timeEnd	07:35		
http://tun.fi/JX.1121651	http://tun.fi/MY.censusHinderedByEnviromentalFactors	false		
http://tun.fi/JX.1121651	http://tun.fi/MY.timeStart	04:25		
http://tun.fi/JX.1121651	http://tun.fi/MY.timeEnd	07:35		
http://tun.fi/JX.1121652	http://tun.fi/MY.censusHinderedByEnviromentalFactors	false		
http://tun.fi/JX.1121652	http://tun.fi/MY.timeStart	04:20		
http://tun.fi/JX.1121652	http://tun.fi/MY.timeEnd	07:33		
http://tun.fi/JX.1121654	http://tun.fi/MY.censusHinderedByEnviromentalFactors	false		
http://tun.fi/JX.1121654	http://tun.fi/MY.timeStart	04:22		
http://tun.fi/JX.1121654	http://tun.fi/MY.timeEnd	07:38		
http://tun.fi/JX.1121655	http://tun.fi/MY.censusHinderedByEnviromentalFactors	false		
http://tun.fi/JX.1121655	http://tun.fi/MY.timeStart	04:20		
http://tun.fi/JX.1121655	http://tun.fi/MY.timeEnd	07:35		
http://tun.fi/JX.1121656	http://tun.fi/MY.censusHinderedByEnviromentalFactors	false		
http://tun.fi/JX.1121656	http://tun.fi/MY.timeStart	04:16		
http://tun.fi/JX.1121656	http://tun.fi/MY.timeEnd	07:37		
http://tun.fi/JX.1121657	http://tun.fi/MY.censusHinderedByEnviromentalFactors	false		
http://tun.fi/JX.1121657	http://tun.fi/MY.timeStart	04:16		
http://tun.fi/JX.1121657	http://tun.fi/MY.timeEnd	07:40		
http://tun.fi/KE.921/LGE.175276	Seurattava laji	http://tun.fi/MX.43722		
http://tun.fi/KE.921/LGE.175276	Kartoituksen tarkoitus	Uhanalaisen lajin peruskartoitus tai seuranta		
http://tun.fi/KE.921/LGE.175276	Kohteen taso	Eliölajit havaintopaikka		
http://tun.fi/KE.921/LGE.175276	Lajinseurantakohteen tila	Olemassa (+)		
http://tun.fi/KE.921/LGE.175276	Kartoituksen tila	Havaintotiedot tallennettu		
http://tun.fi/KE.921/LGE.207403	Seurattava laji	http://tun.fi/MX.60838		
http://tun.fi/KE.921/LGE.207403	Kartoituksen tarkoitus	Uhanalaisen lajin peruskartoitus tai seuranta		
http://tun.fi/KE.921/LGE.207403	Kohteen taso	Eliölajit havaintopaikka		
http://tun.fi/KE.921/LGE.207403	Lajinseurantakohteen tila	Olemassa (+)		
http://tun.fi/KE.921/LGE.207403	Kartoituksen tila	Havaintotiedot tallennettu		
http://tun.fi/KE.921/LGE.219395	Seurattava laji	http://tun.fi/MX.48243		
http://tun.fi/KE.921/LGE.219395	Kartoituksen tarkoitus	Uhanalaisen lajin peruskartoitus tai seuranta		
http://tun.fi/KE.921/LGE.219395	Kohteen taso	Eliölajit havaintopaikka		
http://tun.fi/KE.921/LGE.219395	Lajinseurantakohteen tila	Olemassa (+)		
http://tun.fi/KE.921/LGE.219395	Kartoituksen tila	Havaintotiedot tallennettu		
http://tun.fi/KE.921/LGE.219396	Seurattava laji	http://tun.fi/MX.48243		
http://tun.fi/KE.921/LGE.219396	Kartoituksen tarkoitus	Uhanalaisen lajin peruskartoitus tai seuranta		
http://tun.fi/KE.921/LGE.219396	Kohteen taso	Eliölajit havaintopaikka		
http://tun.fi/KE.921/LGE.219396	Lajinseurantakohteen tila	Olemassa (+)		
http://tun.fi/KE.921/LGE.219396	Kartoituksen tila	Havaintotiedot tallennettu		
http://tun.fi/KE.921/LGE.219397	Seurattava laji	http://tun.fi/MX.48243		
http://tun.fi/KE.921/LGE.219397	Kartoituksen tarkoitus	Uhanalaisen lajin peruskartoitus tai seuranta		
http://tun.fi/KE.921/LGE.219397	Kohteen taso	Eliölajit havaintopaikka		
http://tun.fi/KE.921/LGE.219397	Lajinseurantakohteen tila	Olemassa (+)		
http://tun.fi/KE.921/LGE.219397	Kartoituksen tila	Havaintotiedot tallennettu		
http://tun.fi/KE.921/LGE.219398	Seurattava laji	http://tun.fi/MX.48243		
http://tun.fi/KE.921/LGE.219398	Kartoituksen tarkoitus	Uhanalaisen lajin peruskartoitus tai seuranta		
http://tun.fi/KE.921/LGE.219398	Kohteen taso	Eliölajit havaintopaikka		
http://tun.fi/KE.921/LGE.219398	Lajinseurantakohteen tila	Olemassa (+)		
http://tun.fi/KE.921/LGE.219398	Kartoituksen tila	Havaintotiedot tallennettu		
http://tun.fi/KE.921/LGE.219399	Seurattava laji	http://tun.fi/MX.48243		
http://tun.fi/KE.921/LGE.219399	Kartoituksen tarkoitus	Uhanalaisen lajin peruskartoitus tai seuranta		
http://tun.fi/KE.921/LGE.219399	Kohteen taso	Eliölajit havaintopaikka		
http://tun.fi/KE.921/LGE.219399	Lajinseurantakohteen tila	Olemassa (+)		
http://tun.fi/KE.921/LGE.219399	Kartoituksen tila	Havaintotiedot tallennettu		
http://tun.fi/KE.921/LGE.219400	Seurattava laji	http://tun.fi/MX.48243		
http://tun.fi/KE.921/LGE.219400	Kartoituksen tarkoitus	Uhanalaisen lajin peruskartoitus tai seuranta		
http://tun.fi/KE.921/LGE.219400	Kohteen taso	Eliölajit havaintopaikka		
http://tun.fi/KE.921/LGE.219400	Lajinseurantakohteen tila	Olemassa (+)		
http://tun.fi/KE.921/LGE.219400	Kartoituksen tila	Havaintotiedot tallennettu		
http://tun.fi/KE.921/LGE.219401	Seurattava laji	http://tun.fi/MX.48243		
http://tun.fi/KE.921/LGE.219401	Kartoituksen tarkoitus	Uhanalaisen lajin peruskartoitus tai seuranta		
http://tun.fi/KE.921/LGE.219401	Kohteen taso	Eliölajit havaintopaikka		
http://tun.fi/KE.921/LGE.219401	Lajinseurantakohteen tila	Olemassa (+)		
http://tun.fi/KE.921/LGE.219401	Kartoituksen tila	Havaintotiedot tallennettu		
http://tun.fi/KE.921/LGE.219438	Seurattava laji	http://tun.fi/MX.48243		
http://tun.fi/KE.921/LGE.219438	Kartoituksen tarkoitus	Uhanalaisen lajin peruskartoitus tai seuranta		
http://tun.fi/KE.921/LGE.219438	Kohteen taso	Eliölajit havaintopaikka		
http://tun.fi/KE.921/LGE.219438	Lajinseurantakohteen tila	Olemassa (+)		
http://tun.fi/KE.921/LGE.219438	Kartoituksen tila	Havaintotiedot tallennettu		
http://tun.fi/KE.921/LGE.219506	Seurattava laji	http://tun.fi/MX.48243		
http://tun.fi/KE.921/LGE.219506	Kartoituksen tarkoitus	Uhanalaisen lajin peruskartoitus tai seuranta		
http://tun.fi/KE.921/LGE.219506	Kohteen taso	Eliölajit havaintopaikka		
http://tun.fi/KE.921/LGE.219506	Lajinseurantakohteen tila	Olemassa (+)		
http://tun.fi/KE.921/LGE.219506	Kartoituksen tila	Havaintotiedot tallennettu		
http://tun.fi/KE.921/LGE.634425	Seurattava laji	http://tun.fi/MX.194705		
http://tun.fi/KE.921/LGE.634425	Kartoituksen tarkoitus	Uhanalaisen lajin peruskartoitus tai seuranta		
http://tun.fi/KE.921/LGE.634425	Kohteen taso	Eliölajit havaintopaikka		
http://tun.fi/KE.921/LGE.634425	Lajinseurantakohteen tila	Olemassa (+)		
http://tun.fi/KE.921/LGE.634425	Kartoituksen tila	Havaintotiedot tallennettu		
http://tun.fi/KE.921/LGE.634426	Seurattava laji	http://tun.fi/MX.194705		
http://tun.fi/KE.921/LGE.634426	Kartoituksen tarkoitus	Uhanalaisen lajin peruskartoitus tai seuranta		
http://tun.fi/KE.921/LGE.634426	Kohteen taso	Eliölajit havaintopaikka		
http://tun.fi/KE.921/LGE.634426	Lajinseurantakohteen tila	Olemassa (+)		
http://tun.fi/KE.921/LGE.634426	Kartoituksen tila	Havaintotiedot tallennettu		
http://tun.fi/MHD.110431	http://tun.fi/MY.collectionID	http://tun.fi/HR.447		
http://tun.fi/MHD.110431	http://tun.fi/MZ.editor	vanhahatikka:vesam		
http://tun.fi/MHD.1161807	http://tun.fi/MY.collectionID	http://tun.fi/HR.447		
http://tun.fi/MHD.1161807	http://tun.fi/MZ.editor	vanhahatikka:tulkku52		
http://tun.fi/MHD.127554	http://tun.fi/MY.collectionID	http://tun.fi/HR.447		
http://tun.fi/MHD.127554	http://tun.fi/MZ.editor	vanhahatikka:jhellsten		
